TIME,TARGET,PACKET,CCSDS_STREAMID,CCSDS_SEQUENCE,CCSDS_LENGTH,CCSDS_SECONDS,CCSDS_MIRCOSECS,SCRIPT,ALIVE,STATUS,PACKET_TIMESECONDS,PACKET_TIMEFORMATTED,RECEIVED_TIMESECONDS,RECEIVED_TIMEFORMATTED,RECEIVED_COUNT,PACKET_TIME
2023-08-11T19:52:30.039Z,SCRIPT,STATUS,3200,49153,263,1691783550,9.187264367938042,/tmp/fsw/ironbank/run/poland_1.lua,0,0,1691783550.039459,2023/08/11 19:52:30.039,1691809923.515697,2023/08/12 03:12:03.515,5,2023-08-11 19:52:30 +0000
2023-08-11T19:52:30.042Z,SCRIPT,STATUS,3200,49154,263,1691783550,9.82196070253849,/tmp/fsw/ironbank/run/poland_1.lua,1,1,1691783550.042185,2023/08/11 19:52:30.042,1691809923.5166814,2023/08/12 03:12:03.516,6,2023-08-11 19:52:30 +0000
2023-08-11T20:02:30.038Z,SCRIPT,STATUS,3200,49155,263,1691784150,8.977251127362251,/tmp/fsw/ironbank/run/poland_2.lua,0,0,1691784150.0385568,2023/08/11 20:02:30.038,1691809923.5178313,2023/08/12 03:12:03.517,7,2023-08-11 20:02:30 +0000
2023-08-11T20:02:30.041Z,SCRIPT,STATUS,3200,49156,263,1691784150,9.625684469938278,/tmp/fsw/ironbank/run/poland_2.lua,1,1,1691784150.041342,2023/08/11 20:02:30.041,1691809923.5187283,2023/08/12 03:12:03.518,8,2023-08-11 20:02:30 +0000
2023-08-11T20:12:00.038Z,SCRIPT,STATUS,3200,49157,263,1691784720,9.034527465701103,/tmp/fsw/ironbank/run/jmp_1.lua,0,0,1691784720.0388029,2023/08/11 20:12:00.038,1691809912.8946085,2023/08/12 03:11:52.894,1,2023-08-11 20:12:00 +0000
2023-08-11T20:12:00.041Z,SCRIPT,STATUS,3200,49158,263,1691784720,9.658047929406166,/tmp/fsw/ironbank/run/jmp_1.lua,1,1,1691784720.041481,2023/08/11 20:12:00.041,1691809912.8955677,2023/08/12 03:11:52.895,2,2023-08-11 20:12:00 +0000
2023-08-11T20:41:00.038Z,SCRIPT,STATUS,3200,49159,263,1691786460,9.012175723910332,/tmp/fsw/ironbank/run/spacebitsrus_0.lua,0,0,1691786460.038707,2023/08/11 20:41:00.038,1691809939.4848764,2023/08/12 03:12:19.484,17,2023-08-11 20:41:00 +0000
2023-08-11T20:41:00.041Z,SCRIPT,STATUS,3200,49160,263,1691786460,9.637093171477318,/tmp/fsw/ironbank/run/spacebitsrus_0.lua,1,1,1691786460.0413911,2023/08/11 20:41:00.041,1691809939.486161,2023/08/12 03:12:19.486,18,2023-08-11 20:41:00 +0000
2023-08-11T20:43:00.038Z,SCRIPT,STATUS,3200,49161,263,1691786580,8.970964699983597,/tmp/fsw/ironbank/run/spacebitsrus_1.lua,0,0,1691786580.03853,2023/08/11 20:43:00.038,1691809939.4895172,2023/08/12 03:12:19.489,19,2023-08-11 20:43:00 +0000
2023-08-11T20:43:00.041Z,SCRIPT,STATUS,3200,49162,263,1691786580,9.58307646214962,/tmp/fsw/ironbank/run/spacebitsrus_1.lua,1,1,1691786580.041159,2023/08/11 20:43:00.041,1691809939.490895,2023/08/12 03:12:19.490,20,2023-08-11 20:43:00 +0000
2023-08-11T21:08:00.038Z,SCRIPT,STATUS,3200,49163,263,1691788080,8.96630808711052,/tmp/fsw/ironbank/run/krautsat_0.lua,0,0,1691788080.03851,2023/08/11 21:08:00.038,1691811218.0915291,2023/08/12 03:33:38.091,45,2023-08-11 21:08:00 +0000
2023-08-11T21:08:00.041Z,SCRIPT,STATUS,3200,49164,263,1691788080,9.580515325069427,/tmp/fsw/ironbank/run/krautsat_0.lua,1,1,1691788080.041148,2023/08/11 21:08:00.041,1691811218.0924528,2023/08/12 03:33:38.092,46,2023-08-11 21:08:00 +0000
2023-08-11T21:09:00.038Z,SCRIPT,STATUS,3200,49165,263,1691788140,8.976086974143982,/tmp/fsw/ironbank/run/krautsat_1.lua,0,0,1691788140.038552,2023/08/11 21:09:00.038,1691811218.0937517,2023/08/12 03:33:38.093,47,2023-08-11 21:09:00 +0000
2023-08-11T21:09:00.041Z,SCRIPT,STATUS,3200,49166,263,1691788140,9.621260687708855,/tmp/fsw/ironbank/run/krautsat_1.lua,1,1,1691788140.041323,2023/08/11 21:09:00.041,1691811218.0961564,2023/08/12 03:33:38.096,48,2023-08-11 21:09:00 +0000
2023-08-11T21:09:30.038Z,SCRIPT,STATUS,3200,49167,263,1691788170,8.966773748397827,/tmp/fsw/ironbank/run/krautsat_2.lua,0,0,1691788170.0385122,2023/08/11 21:09:30.038,1691811218.098276,2023/08/12 03:33:38.098,49,2023-08-11 21:09:30 +0000
2023-08-11T21:09:30.041Z,SCRIPT,STATUS,3200,49168,263,1691788170,9.608455002307892,/tmp/fsw/ironbank/run/krautsat_2.lua,1,1,1691788170.0412679,2023/08/11 21:09:30.041,1691811218.1014628,2023/08/12 03:33:38.101,50,2023-08-11 21:09:30 +0000
2023-08-11T21:44:32.046Z,SCRIPT,STATUS,3200,49169,263,1691790272,10.777730494737625,/tmp/fsw/ironbank/run/jmp_2.lua,0,0,1691790272.04629,2023/08/11 21:44:32.046,1691809918.1453526,2023/08/12 03:11:58.145,3,2023-08-11 21:44:32 +0000
2023-08-11T21:44:32.049Z,SCRIPT,STATUS,3200,49170,263,1691790272,11.412659659981728,/tmp/fsw/ironbank/run/jmp_2.lua,1,1,1691790272.0490172,2023/08/11 21:44:32.049,1691809918.1464272,2023/08/12 03:11:58.146,4,2023-08-11 21:44:32 +0000
2023-08-11T22:39:32.046Z,SCRIPT,STATUS,3200,49171,263,1691793572,10.770745575428009,/tmp/fsw/ironbank/run/krautsat_1.lua,0,0,1691793572.0462599,2023/08/11 22:39:32.046,1691811236.6134212,2023/08/12 03:33:56.613,64,2023-08-11 22:39:32 +0000
2023-08-11T22:39:32.049Z,SCRIPT,STATUS,3200,49172,263,1691793572,11.415919288992882,/tmp/fsw/ironbank/run/krautsat_1.lua,1,1,1691793572.049031,2023/08/11 22:39:32.049,1691811236.6162865,2023/08/12 03:33:56.616,65,2023-08-11 22:39:32 +0000
2023-08-11T22:42:32.046Z,SCRIPT,STATUS,3200,49173,263,1691793752,10.725809261202812,/tmp/fsw/ironbank/run/krautsat_2.lua,0,0,1691793752.046067,2023/08/11 22:42:32.046,1691811236.6184042,2023/08/12 03:33:56.618,66,2023-08-11 22:42:32 +0000
2023-08-11T22:42:32.048Z,SCRIPT,STATUS,3200,49174,263,1691793752,11.388678103685379,/tmp/fsw/ironbank/run/krautsat_2.lua,1,1,1691793752.048914,2023/08/11 22:42:32.048,1691811236.6200912,2023/08/12 03:33:56.620,67,2023-08-11 22:42:32 +0000
2023-08-11T22:44:32.046Z,SCRIPT,STATUS,3200,49175,263,1691793872,10.778428986668587,/tmp/fsw/ironbank/run/krautsat_1.lua,0,0,1691793872.046293,2023/08/11 22:44:32.046,1691811236.6218271,2023/08/12 03:33:56.621,68,2023-08-11 22:44:32 +0000
2023-08-11T22:44:32.049Z,SCRIPT,STATUS,3200,49176,263,1691793872,11.42779365181923,/tmp/fsw/ironbank/run/krautsat_1.lua,1,1,1691793872.049082,2023/08/11 22:44:32.049,1691811236.6232915,2023/08/12 03:33:56.623,69,2023-08-11 22:44:32 +0000
2023-08-11T22:45:32.046Z,SCRIPT,STATUS,3200,49177,263,1691793932,10.752351954579353,/tmp/fsw/ironbank/run/krautsat_1.lua,0,0,1691793932.0461812,2023/08/11 22:45:32.046,1691811236.6243374,2023/08/12 03:33:56.624,70,2023-08-11 22:45:32 +0000
2023-08-11T22:45:32.048Z,SCRIPT,STATUS,3200,49178,263,1691793932,11.37913204729557,/tmp/fsw/ironbank/run/krautsat_1.lua,1,1,1691793932.048873,2023/08/11 22:45:32.048,1691811236.6259472,2023/08/12 03:33:56.625,71,2023-08-11 22:45:32 +0000
2023-08-11T22:46:32.046Z,SCRIPT,STATUS,3200,49179,263,1691793992,10.730698704719543,/tmp/fsw/ironbank/run/krautsat_1.lua,0,0,1691793992.046088,2023/08/11 22:46:32.046,1691811236.626609,2023/08/12 03:33:56.626,72,2023-08-11 22:46:32 +0000
2023-08-11T22:46:32.048Z,SCRIPT,STATUS,3200,49180,263,1691793992,11.387746781110764,/tmp/fsw/ironbank/run/krautsat_1.lua,1,1,1691793992.0489101,2023/08/11 22:46:32.048,1691811236.6274247,2023/08/12 03:33:56.627,73,2023-08-11 22:46:32 +0000
2023-08-11T22:49:32.046Z,SCRIPT,STATUS,3200,49181,263,1691794172,10.751187801361084,/tmp/fsw/ironbank/run/krautsat_0.lua,0,0,1691794172.046176,2023/08/11 22:49:32.046,1691811236.6284683,2023/08/12 03:33:56.628,74,2023-08-11 22:49:32 +0000
2023-08-11T22:49:32.049Z,SCRIPT,STATUS,3200,49182,263,1691794172,11.411961168050766,/tmp/fsw/ironbank/run/krautsat_0.lua,1,1,1691794172.049014,2023/08/11 22:49:32.049,1691811236.630307,2023/08/12 03:33:56.630,75,2023-08-11 22:49:32 +0000
2023-08-11T22:50:32.046Z,SCRIPT,STATUS,3200,49183,263,1691794232,10.748161002993584,/tmp/fsw/ironbank/run/krautsat_0.lua,0,0,1691794232.0461628,2023/08/11 22:50:32.046,1691811236.633858,2023/08/12 03:33:56.633,76,2023-08-11 22:50:32 +0000
2023-08-11T22:50:32.048Z,SCRIPT,STATUS,3200,49184,263,1691794232,11.394498869776726,/tmp/fsw/ironbank/run/krautsat_0.lua,1,1,1691794232.048939,2023/08/11 22:50:32.048,1691811236.6354733,2023/08/12 03:33:56.635,77,2023-08-11 22:50:32 +0000
2023-08-11T23:15:02.046Z,SCRIPT,STATUS,3200,49185,263,1691795702,10.743504390120506,/tmp/fsw/ironbank/run/mhackeroni_0.lua,0,0,1691795702.046143,2023/08/11 23:15:02.046,1691811212.1156697,2023/08/12 03:33:32.115,39,2023-08-11 23:15:02 +0000
2023-08-11T23:15:02.048Z,SCRIPT,STATUS,3200,49186,263,1691795702,11.372845619916916,/tmp/fsw/ironbank/run/mhackeroni_0.lua,1,1,1691795702.048846,2023/08/11 23:15:02.048,1691811212.116309,2023/08/12 03:33:32.116,40,2023-08-11 23:15:02 +0000
2023-08-11T23:16:07.048Z,SCRIPT,STATUS,3200,49187,263,1691795767,11.27622090280056,/tmp/fsw/ironbank/run/mhackeroni_1.lua,0,0,1691795767.0484312,2023/08/11 23:16:07.048,1691811212.1172514,2023/08/12 03:33:32.117,41,2023-08-11 23:16:07 +0000
2023-08-11T23:16:07.051Z,SCRIPT,STATUS,3200,49188,263,1691795767,11.964468285441399,/tmp/fsw/ironbank/run/mhackeroni_1.lua,1,1,1691795767.0513868,2023/08/11 23:16:07.051,1691811212.117744,2023/08/12 03:33:32.117,42,2023-08-11 23:16:07 +0000
2023-08-11T23:17:07.058Z,SCRIPT,STATUS,3200,49189,263,1691795827,13.720942661166191,/tmp/fsw/ironbank/run/mhackeroni_2.lua,0,0,1691795827.0589309,2023/08/11 23:17:07.058,1691811212.1182654,2023/08/12 03:33:32.118,43,2023-08-11 23:17:07 +0000
2023-08-11T23:17:07.062Z,SCRIPT,STATUS,3200,49190,263,1691795827,14.438759535551071,/tmp/fsw/ironbank/run/mhackeroni_2.lua,1,1,1691795827.0620139,2023/08/11 23:17:07.062,1691811212.1186604,2023/08/12 03:33:32.118,44,2023-08-11 23:17:07 +0000
2023-08-11T23:52:46.050Z,SCRIPT,STATUS,3200,49191,263,1691797966,11.835480108857155,/tmp/fsw/ironbank/run/poland_0.lua,0,0,1691797966.050833,2023/08/11 23:52:46.050,1691811198.4813685,2023/08/12 03:33:18.481,27,2023-08-11 23:52:46 +0000
2023-08-11T23:52:46.053Z,SCRIPT,STATUS,3200,49192,263,1691797966,12.482283636927605,/tmp/fsw/ironbank/run/poland_0.lua,1,1,1691797966.053611,2023/08/11 23:52:46.053,1691811198.48407,2023/08/12 03:33:18.484,28,2023-08-11 23:52:46 +0000
2023-08-11T23:52:50.046Z,SCRIPT,STATUS,3200,49193,263,1691797970,10.776333510875702,/tmp/fsw/ironbank/run/poland_1.lua,0,0,1691797970.046284,2023/08/11 23:52:50.046,1691811198.485543,2023/08/12 03:33:18.485,29,2023-08-11 23:52:50 +0000
2023-08-11T23:52:50.049Z,SCRIPT,STATUS,3200,49194,263,1691797970,11.423369869589806,/tmp/fsw/ironbank/run/poland_1.lua,1,1,1691797970.049063,2023/08/11 23:52:50.049,1691811198.4874113,2023/08/12 03:33:18.487,30,2023-08-11 23:52:50 +0000
2023-08-11T23:53:10.046Z,SCRIPT,STATUS,3200,49195,263,1691797990,10.796589776873589,/tmp/fsw/ironbank/run/poland_2.lua,0,0,1691797990.046371,2023/08/11 23:53:10.046,1691811198.4909399,2023/08/12 03:33:18.490,31,2023-08-11 23:53:10 +0000
2023-08-11T23:53:10.049Z,SCRIPT,STATUS,3200,49196,263,1691797990,11.43803820014,/tmp/fsw/ironbank/run/poland_2.lua,1,1,1691797990.049126,2023/08/11 23:53:10.049,1691811198.492716,2023/08/12 03:33:18.492,32,2023-08-11 23:53:10 +0000
2023-08-12T00:43:02.046Z,SCRIPT,STATUS,3200,49197,263,1691800982,10.771211236715317,/tmp/fsw/ironbank/run/spacebitsrus_0.lua,0,0,1691800982.046262,2023/08/12 00:43:02.046,1691809944.6437376,2023/08/12 03:12:24.643,21,2023-08-12 00:43:02 +0000
2023-08-12T00:43:02.048Z,SCRIPT,STATUS,3200,49198,263,1691800982,11.386582627892494,/tmp/fsw/ironbank/run/spacebitsrus_0.lua,1,1,1691800982.048905,2023/08/12 00:43:02.048,1691809944.6448584,2023/08/12 03:12:24.644,22,2023-08-12 00:43:02 +0000
2023-08-12T00:53:02.046Z,SCRIPT,STATUS,3200,49199,263,1691801582,10.767253115773201,/tmp/fsw/ironbank/run/spacebitsrus_2.lua,0,0,1691801582.046245,2023/08/12 00:53:02.046,1691809944.6458378,2023/08/12 03:12:24.645,23,2023-08-12 00:53:02 +0000
2023-08-12T00:53:02.049Z,SCRIPT,STATUS,3200,49200,263,1691801582,11.443393304944038,/tmp/fsw/ironbank/run/spacebitsrus_2.lua,1,1,1691801582.049149,2023/08/12 00:53:02.049,1691809944.6468935,2023/08/12 03:12:24.646,24,2023-08-12 00:53:02 +0000
2023-08-12T00:58:02.046Z,SCRIPT,STATUS,3200,49201,263,1691801882,10.75933687388897,/tmp/fsw/ironbank/run/spacebitsrus_1.lua,0,0,1691801882.046211,2023/08/12 00:58:02.046,1691809944.6481082,2023/08/12 03:12:24.648,25,2023-08-12 00:58:02 +0000
2023-08-12T00:58:02.049Z,SCRIPT,STATUS,3200,49202,263,1691801882,11.42662949860096,/tmp/fsw/ironbank/run/spacebitsrus_1.lua,1,1,1691801882.049077,2023/08/12 00:58:02.049,1691809944.649103,2023/08/12 03:12:24.649,26,2023-08-12 00:58:02 +0000
2023-08-12T01:44:39.038Z,SCRIPT,STATUS,3200,49203,263,1691804679,8.886447176337242,/tmp/fsw/ironbank/run/jmp_0.lua,0,0,1691804679.038167,2023/08/12 01:44:39.038,1691809934.1232831,2023/08/12 03:12:14.123,13,2023-08-12 01:44:39 +0000
2023-08-12T01:44:39.041Z,SCRIPT,STATUS,3200,49204,263,1691804679,9.572599083185196,/tmp/fsw/ironbank/run/jmp_0.lua,1,1,1691804679.041114,2023/08/12 01:44:39.041,1691809934.124272,2023/08/12 03:12:14.124,14,2023-08-12 01:44:39 +0000
2023-08-12T01:45:58.038Z,SCRIPT,STATUS,3200,49205,263,1691804758,8.917879313230515,/tmp/fsw/ironbank/run/jmp_1.lua,0,0,1691804758.038302,2023/08/12 01:45:58.038,1691809934.1253104,2023/08/12 03:12:14.125,15,2023-08-12 01:45:58 +0000
2023-08-12T01:45:58.041Z,SCRIPT,STATUS,3200,49206,263,1691804758,9.600771591067314,/tmp/fsw/ironbank/run/jmp_1.lua,1,1,1691804758.041235,2023/08/12 01:45:58.041,1691809934.1261463,2023/08/12 03:12:14.126,16,2023-08-12 01:45:58 +0000
2023-08-12T01:49:29.038Z,SCRIPT,STATUS,3200,49207,263,1691804969,8.927891030907631,/tmp/fsw/ironbank/run/krautsat_1.lua,0,0,1691804969.0383449,2023/08/12 01:49:29.038,1691811224.4581382,2023/08/12 03:33:44.458,51,2023-08-12 01:49:29 +0000
2023-08-12T01:49:29.041Z,SCRIPT,STATUS,3200,49208,263,1691804969,9.579118341207504,/tmp/fsw/ironbank/run/krautsat_1.lua,1,1,1691804969.041142,2023/08/12 01:49:29.041,1691811224.459784,2023/08/12 03:33:44.459,52,2023-08-12 01:49:29 +0000
2023-08-12T01:49:59.038Z,SCRIPT,STATUS,3200,49209,263,1691804999,8.893897756934166,/tmp/fsw/ironbank/run/krautsat_2.lua,0,0,1691804999.038199,2023/08/12 01:49:59.038,1691811224.461761,2023/08/12 03:33:44.461,53,2023-08-12 01:49:59 +0000
2023-08-12T01:49:59.041Z,SCRIPT,STATUS,3200,49210,263,1691804999,9.555136784911156,/tmp/fsw/ironbank/run/krautsat_2.lua,1,1,1691804999.041039,2023/08/12 01:49:59.041,1691811224.4629893,2023/08/12 03:33:44.462,54,2023-08-12 01:49:59 +0000
2023-08-12T01:50:39.038Z,SCRIPT,STATUS,3200,49211,263,1691805039,8.91275703907013,/tmp/fsw/ironbank/run/krautsat_0.lua,0,0,1691805039.03828,2023/08/12 01:50:39.038,1691811224.4640522,2023/08/12 03:33:44.464,55,2023-08-12 01:50:39 +0000
2023-08-12T01:50:39.041Z,SCRIPT,STATUS,3200,49212,263,1691805039,9.588198736310005,/tmp/fsw/ironbank/run/krautsat_0.lua,1,1,1691805039.0411808,2023/08/12 01:50:39.041,1691811224.4663916,2023/08/12 03:33:44.466,56,2023-08-12 01:50:39 +0000
2023-08-12T01:54:09.038Z,SCRIPT,STATUS,3200,49213,263,1691805249,8.930452167987823,/tmp/fsw/ironbank/run/spacebitsrus_0.lua,0,0,1691805249.038356,2023/08/12 01:54:09.038,1691809928.8817458,2023/08/12 03:12:08.881,9,2023-08-12 01:54:09 +0000
2023-08-12T01:54:09.041Z,SCRIPT,STATUS,3200,49214,263,1691805249,9.591924026608467,/tmp/fsw/ironbank/run/spacebitsrus_0.lua,1,1,1691805249.041197,2023/08/12 01:54:09.041,1691809928.8830838,2023/08/12 03:12:08.883,10,2023-08-12 01:54:09 +0000
2023-08-12T01:54:21.038Z,SCRIPT,STATUS,3200,49215,263,1691805261,8.965609595179558,/tmp/fsw/ironbank/run/spacebitsrus_0.lua,0,0,1691805261.038507,2023/08/12 01:54:21.038,1691809928.8841124,2023/08/12 03:12:08.884,11,2023-08-12 01:54:21 +0000
2023-08-12T01:54:21.041Z,SCRIPT,STATUS,3200,49216,263,1691805261,9.634532034397125,/tmp/fsw/ironbank/run/spacebitsrus_0.lua,1,1,1691805261.0413802,2023/08/12 01:54:21.041,1691809928.8856177,2023/08/12 03:12:08.885,12,2023-08-12 01:54:21 +0000
2023-08-12T01:58:47.038Z,SCRIPT,STATUS,3200,49217,263,1691805527,8.922303095459938,/tmp/fsw/ironbank/run/mhackeroni_0.lua,0,0,1691805527.0383208,2023/08/12 01:58:47.038,1691811204.4447398,2023/08/12 03:33:24.444,33,2023-08-12 01:58:47 +0000
2023-08-12T01:58:47.041Z,SCRIPT,STATUS,3200,49218,263,1691805527,9.552109986543655,/tmp/fsw/ironbank/run/mhackeroni_0.lua,1,1,1691805527.041026,2023/08/12 01:58:47.041,1691811204.4456816,2023/08/12 03:33:24.445,34,2023-08-12 01:58:47 +0000
2023-08-12T01:58:52.038Z,SCRIPT,STATUS,3200,49219,263,1691805532,8.920906111598015,/tmp/fsw/ironbank/run/mhackeroni_1.lua,0,0,1691805532.038315,2023/08/12 01:58:52.038,1691811204.4466846,2023/08/12 03:33:24.446,35,2023-08-12 01:58:52 +0000
2023-08-12T01:58:52.041Z,SCRIPT,STATUS,3200,49220,263,1691805532,9.612180292606354,/tmp/fsw/ironbank/run/mhackeroni_1.lua,1,1,1691805532.041284,2023/08/12 01:58:52.041,1691811204.4476826,2023/08/12 03:33:24.447,36,2023-08-12 01:58:52 +0000
2023-08-12T01:58:57.038Z,SCRIPT,STATUS,3200,49221,263,1691805537,9.068287909030914,/tmp/fsw/ironbank/run/mhackeroni_2.lua,0,0,1691805537.038948,2023/08/12 01:58:57.038,1691811204.4497213,2023/08/12 03:33:24.449,37,2023-08-12 01:58:57 +0000
2023-08-12T01:58:57.041Z,SCRIPT,STATUS,3200,49222,263,1691805537,9.715091437101364,/tmp/fsw/ironbank/run/mhackeroni_2.lua,1,1,1691805537.0417259,2023/08/12 01:58:57.041,1691811204.450217,2023/08/12 03:33:24.450,38,2023-08-12 01:58:57 +0000
2023-08-12T02:03:19.038Z,SCRIPT,STATUS,3200,49223,263,1691805799,8.926726877689362,/tmp/fsw/ironbank/run/poland_2.lua,0,0,1691805799.03834,2023/08/12 02:03:19.038,1691811230.427908,2023/08/12 03:33:50.427,57,2023-08-12 02:03:19 +0000
2023-08-12T02:03:19.041Z,SCRIPT,STATUS,3200,49224,263,1691805799,9.571434929966927,/tmp/fsw/ironbank/run/poland_2.lua,1,1,1691805799.041109,2023/08/12 02:03:19.041,1691811230.4292982,2023/08/12 03:33:50.429,58,2023-08-12 02:03:19 +0000
2023-08-12T02:03:29.038Z,SCRIPT,STATUS,3200,49225,263,1691805809,8.891336619853973,/tmp/fsw/ironbank/run/poland_0.lua,0,0,1691805809.038188,2023/08/12 02:03:29.038,1691811230.4304404,2023/08/12 03:33:50.430,59,2023-08-12 02:03:29 +0000
2023-08-12T02:03:29.038Z,SCRIPT,STATUS,3200,49226,263,1691805809,8.94162803888321,,0,4,1691805809.038404,2023/08/12 02:03:29.038,1691811230.4318953,2023/08/12 03:33:50.431,60,2023-08-12 02:03:29 +0000
2023-08-12T02:03:29.039Z,SCRIPT,STATUS,3200,49227,263,1691805809,9.094364941120148,/tmp/fsw/ironbank/run/poland_0.lua,1,1,1691805809.0390599,2023/08/12 02:03:29.039,1691811230.4334207,2023/08/12 03:33:50.433,61,2023-08-12 02:03:29 +0000
2023-08-12T02:04:00.038Z,SCRIPT,STATUS,3200,49228,263,1691805840,8.912524208426476,/tmp/fsw/ironbank/run/poland_1.lua,0,0,1691805840.0382788,2023/08/12 02:04:00.038,1691811230.4356132,2023/08/12 03:33:50.435,62,2023-08-12 02:04:00 +0000
2023-08-12T02:04:00.041Z,SCRIPT,STATUS,3200,49229,263,1691805840,9.574927389621735,/tmp/fsw/ironbank/run/poland_1.lua,1,1,1691805840.041124,2023/08/12 02:04:00.041,1691811230.4395838,2023/08/12 03:33:50.439,63,2023-08-12 02:04:00 +0000
2023-08-12T04:50:55.012Z,SCRIPT,STATUS,3200,49153,263,1691815855,2.989312633872032,/tmp/fsw/ironbank/run/jmp_0.lua,0,0,1691815855.0128388,2023/08/12 04:50:55.012,1691821444.942305,2023/08/12 06:24:04.942,78,2023-08-12 04:50:55 +0000
2023-08-12T04:50:55.016Z,SCRIPT,STATUS,3200,49154,263,1691815855,3.7641730159521103,/tmp/fsw/ironbank/run/jmp_0.lua,1,1,1691815855.016167,2023/08/12 04:50:55.016,1691821449.913675,2023/08/12 06:24:09.913,79,2023-08-12 04:50:55 +0000
2023-08-12T04:50:55.019Z,SCRIPT,STATUS,3200,49155,263,1691815855,4.5013148337602615,/tmp/fsw/ironbank/run/jmp_1.lua,0,0,1691815855.0193331,2023/08/12 04:50:55.019,1691821449.9144263,2023/08/12 06:24:09.914,80,2023-08-12 04:50:55 +0000
2023-08-12T04:50:55.019Z,SCRIPT,STATUS,3200,49156,263,1691815855,4.573026672005653,,0,4,1691815855.0196412,2023/08/12 04:50:55.019,1691821449.9150794,2023/08/12 06:24:09.915,81,2023-08-12 04:50:55 +0000
2023-08-12T04:50:55.020Z,SCRIPT,STATUS,3200,49157,263,1691815855,4.775356501340866,/tmp/fsw/ironbank/run/jmp_1.lua,1,1,1691815855.02051,2023/08/12 04:50:55.020,1691821449.915985,2023/08/12 06:24:09.915,82,2023-08-12 04:50:55 +0000
2023-08-12T04:50:55.024Z,SCRIPT,STATUS,3200,49158,263,1691815855,5.777925252914429,/tmp/fsw/ironbank/run/krautsat_1.lua,0,0,1691815855.024816,2023/08/12 04:50:55.024,1691821454.7860618,2023/08/12 06:24:14.786,83,2023-08-12 04:50:55 +0000
2023-08-12T04:50:55.024Z,SCRIPT,STATUS,3200,49159,263,1691815855,5.815643817186356,,0,4,1691815855.024978,2023/08/12 04:50:55.024,1691821454.7872317,2023/08/12 06:24:14.787,84,2023-08-12 04:50:55 +0000
2023-08-12T04:50:55.026Z,SCRIPT,STATUS,3200,49160,263,1691815855,6.05476088821888,/tmp/fsw/ironbank/run/krautsat_1.lua,1,1,1691815855.026005,2023/08/12 04:50:55.026,1691821454.7882614,2023/08/12 06:24:14.788,85,2023-08-12 04:50:55 +0000
2023-08-12T04:50:55.029Z,SCRIPT,STATUS,3200,49161,263,1691815855,6.780028343200684,/tmp/fsw/ironbank/run/krautsat_2.lua,0,0,1691815855.02912,2023/08/12 04:50:55.029,1691821454.7893465,2023/08/12 06:24:14.789,86,2023-08-12 04:50:55 +0000
2023-08-12T04:50:55.029Z,SCRIPT,STATUS,3200,49162,263,1691815855,6.915302947163582,,0,4,1691815855.0297012,2023/08/12 04:50:55.029,1691821454.7904208,2023/08/12 06:24:14.790,87,2023-08-12 04:50:55 +0000
2023-08-12T04:50:55.030Z,SCRIPT,STATUS,3200,49163,263,1691815855,7.142079994082451,/tmp/fsw/ironbank/run/krautsat_2.lua,1,1,1691815855.030675,2023/08/12 04:50:55.030,1691821454.7914941,2023/08/12 06:24:14.791,88,2023-08-12 04:50:55 +0000
2023-08-12T04:50:55.032Z,SCRIPT,STATUS,3200,49164,263,1691815855,7.668044418096542,/tmp/fsw/ironbank/run/krautsat_0.lua,0,0,1691815855.032934,2023/08/12 04:50:55.032,1691821454.7925923,2023/08/12 06:24:14.792,89,2023-08-12 04:50:55 +0000
2023-08-12T04:50:55.033Z,SCRIPT,STATUS,3200,49165,263,1691815855,7.705762982368469,,0,4,1691815855.0330958,2023/08/12 04:50:55.033,1691821454.7934933,2023/08/12 06:24:14.793,90,2023-08-12 04:50:55 +0000
2023-08-12T04:50:55.033Z,SCRIPT,STATUS,3200,49166,263,1691815855,7.859896868467331,/tmp/fsw/ironbank/run/krautsat_0.lua,1,1,1691815855.033758,2023/08/12 04:50:55.033,1691821454.794472,2023/08/12 06:24:14.794,91,2023-08-12 04:50:55 +0000
2023-08-12T04:50:55.036Z,SCRIPT,STATUS,3200,49167,263,1691815855,8.414266631007195,/tmp/fsw/ironbank/run/spacebitsrus_0.lua,0,0,1691815855.036139,2023/08/12 04:50:55.036,1691821454.795496,2023/08/12 06:24:14.795,92,2023-08-12 04:50:55 +0000
2023-08-12T04:50:55.036Z,SCRIPT,STATUS,3200,49168,263,1691815855,8.444301784038544,,0,4,1691815855.036268,2023/08/12 04:50:55.036,1691821454.7965405,2023/08/12 06:24:14.796,93,2023-08-12 04:50:55 +0000
2023-08-12T09:56:40.004Z,SCRIPT,STATUS,3200,49190,263,1691834200,0.9723007678985596,/tmp/fsw/ironbank/run/jmp_0.lua,0,0,1691834200.004176,2023/08/12 09:56:40.004,1691899005.6978996,2023/08/13 03:56:45.697,94,2023-08-12 09:56:40 +0000
2023-08-12T09:56:40.006Z,SCRIPT,STATUS,3200,49191,263,1691834200,1.6256235539913177,/tmp/fsw/ironbank/run/jmp_0.lua,1,1,1691834200.0069818,2023/08/12 09:56:40.006,1691899005.6994176,2023/08/13 03:56:45.699,95,2023-08-12 09:56:40 +0000
2023-08-12T10:20:34.004Z,SCRIPT,STATUS,3200,49192,263,1691835634,0.9408686310052872,/tmp/fsw/ironbank/run/poland_0.lua,0,0,1691835634.004041,2023/08/12 10:20:34.004,1691899111.4505703,2023/08/13 03:58:31.450,133,2023-08-12 10:20:34 +0000
2023-08-12T10:20:34.006Z,SCRIPT,STATUS,3200,49193,263,1691835634,1.5976838767528534,/tmp/fsw/ironbank/run/poland_0.lua,1,1,1691835634.0068622,2023/08/12 10:20:34.006,1691899111.4521265,2023/08/13 03:58:31.452,134,2023-08-12 10:20:34 +0000
2023-08-12T10:21:34.004Z,SCRIPT,STATUS,3200,49194,263,1691835694,0.9399373084306717,/tmp/fsw/ironbank/run/poland_0.lua,0,0,1691835694.0040371,2023/08/12 10:21:34.004,1691899111.45323,2023/08/13 03:58:31.453,135,2023-08-12 10:21:34 +0000
2023-08-12T10:21:34.006Z,SCRIPT,STATUS,3200,49195,263,1691835694,1.5888363122940063,/tmp/fsw/ironbank/run/poland_0.lua,1,1,1691835694.006824,2023/08/12 10:21:34.006,1691899111.454382,2023/08/13 03:58:31.454,136,2023-08-12 10:21:34 +0000
2023-08-12T10:23:34.004Z,SCRIPT,STATUS,3200,49196,263,1691835814,0.9771902114152908,/tmp/fsw/ironbank/run/poland_0.lua,0,0,1691835814.0041971,2023/08/12 10:23:34.004,1691899111.4555573,2023/08/13 03:58:31.455,137,2023-08-12 10:23:34 +0000
2023-08-12T10:23:34.007Z,SCRIPT,STATUS,3200,49197,263,1691835814,1.6477424651384354,/tmp/fsw/ironbank/run/poland_0.lua,1,1,1691835814.0070772,2023/08/12 10:23:34.007,1691899111.4566796,2023/08/13 03:58:31.456,138,2023-08-12 10:23:34 +0000
2023-08-12T11:43:38.003Z,SCRIPT,STATUS,3200,49198,263,1691840618,0.921543687582016,/tmp/fsw/ironbank/run/poland_1.lua,0,0,1691840618.003958,2023/08/12 11:43:38.003,1691899111.4586122,2023/08/13 03:58:31.458,139,2023-08-12 11:43:38 +0000
2023-08-12T11:43:38.006Z,SCRIPT,STATUS,3200,49199,263,1691840618,1.5499535948038101,/tmp/fsw/ironbank/run/poland_1.lua,1,1,1691840618.0066571,2023/08/12 11:43:38.006,1691899111.4601297,2023/08/13 03:58:31.460,140,2023-08-12 11:43:38 +0000
2023-08-12T13:12:18.004Z,SCRIPT,STATUS,3200,49200,263,1691845938,0.9806826710700989,/tmp/fsw/ironbank/run/mhackeroni_0.lua,0,0,1691845938.004212,2023/08/12 13:12:18.004,1691899025.2080145,2023/08/13 03:57:05.208,107,2023-08-12 13:12:18 +0000
2023-08-12T13:12:18.006Z,SCRIPT,STATUS,3200,49201,263,1691845938,1.6165431588888168,/tmp/fsw/ironbank/run/mhackeroni_0.lua,1,1,1691845938.006943,2023/08/12 13:12:18.006,1691899025.2089124,2023/08/13 03:57:05.208,108,2023-08-12 13:12:18 +0000
2023-08-12T13:44:33.003Z,SCRIPT,STATUS,3200,49202,263,1691847873,0.930391252040863,/tmp/fsw/ironbank/run/mhackeroni_1.lua,0,0,1691847873.003996,2023/08/12 13:44:33.003,1691899025.2097118,2023/08/13 03:57:05.209,109,2023-08-12 13:44:33 +0000
2023-08-12T13:44:33.006Z,SCRIPT,STATUS,3200,49203,263,1691847873,1.6184058040380478,/tmp/fsw/ironbank/run/mhackeroni_1.lua,1,1,1691847873.0069509,2023/08/12 13:44:33.006,1691899025.2106876,2023/08/13 03:57:05.210,110,2023-08-12 13:44:33 +0000
2023-08-12T16:24:33.004Z,SCRIPT,STATUS,3200,49204,263,1691857473,0.9466893970966339,/tmp/fsw/ironbank/run/krautsat_0.lua,0,0,1691857473.004066,2023/08/12 16:24:33.004,1691899121.3598294,2023/08/13 03:58:41.359,149,2023-08-12 16:24:33 +0000
2023-08-12T16:24:33.006Z,SCRIPT,STATUS,3200,49205,263,1691857473,1.5778932720422745,/tmp/fsw/ironbank/run/krautsat_0.lua,1,1,1691857473.006777,2023/08/12 16:24:33.006,1691899121.3607478,2023/08/13 03:58:41.360,150,2023-08-12 16:24:33 +0000
2023-08-12T16:44:33.004Z,SCRIPT,STATUS,3200,49206,263,1691858673,0.9441282600164413,/tmp/fsw/ironbank/run/krautsat_1.lua,0,0,1691858673.004055,2023/08/12 16:44:33.004,1691899121.361735,2023/08/13 03:58:41.361,151,2023-08-12 16:44:33 +0000
2023-08-12T16:44:33.007Z,SCRIPT,STATUS,3200,49207,263,1691858673,1.6402918845415115,/tmp/fsw/ironbank/run/krautsat_1.lua,1,1,1691858673.007045,2023/08/12 16:44:33.007,1691899121.362922,2023/08/13 03:58:41.362,152,2023-08-12 16:44:33 +0000
2023-08-12T16:46:33.003Z,SCRIPT,STATUS,3200,49208,263,1691858793,0.9092036634683609,/tmp/fsw/ironbank/run/krautsat_2.lua,0,0,1691858793.003905,2023/08/12 16:46:33.003,1691899121.3641717,2023/08/13 03:58:41.364,153,2023-08-12 16:46:33 +0000
2023-08-12T16:46:33.006Z,SCRIPT,STATUS,3200,49209,263,1691858793,1.5844125300645828,/tmp/fsw/ironbank/run/krautsat_2.lua,1,1,1691858793.006805,2023/08/12 16:46:33.006,1691899121.3653605,2023/08/13 03:58:41.365,154,2023-08-12 16:46:33 +0000
2023-08-12T16:48:33.004Z,SCRIPT,STATUS,3200,49210,263,1691858913,0.9315554052591324,/tmp/fsw/ironbank/run/krautsat_1.lua,0,0,1691858913.0040011,2023/08/12 16:48:33.004,1691899121.3663385,2023/08/13 03:58:41.366,155,2023-08-12 16:48:33 +0000
2023-08-12T16:48:33.006Z,SCRIPT,STATUS,3200,49211,263,1691858913,1.6239937394857407,/tmp/fsw/ironbank/run/krautsat_1.lua,1,1,1691858913.006975,2023/08/12 16:48:33.006,1691899121.3674436,2023/08/13 03:58:41.367,156,2023-08-12 16:48:33 +0000
2023-08-12T16:49:33.004Z,SCRIPT,STATUS,3200,49212,263,1691858973,0.985804945230484,/tmp/fsw/ironbank/run/krautsat_1.lua,0,0,1691858973.004234,2023/08/12 16:49:33.004,1691899121.3684094,2023/08/13 03:58:41.368,157,2023-08-12 16:49:33 +0000
2023-08-12T16:49:33.007Z,SCRIPT,STATUS,3200,49213,263,1691858973,1.6330741345882416,/tmp/fsw/ironbank/run/krautsat_1.lua,1,1,1691858973.0070138,2023/08/12 16:49:33.007,1691899121.3694606,2023/08/13 03:58:41.369,158,2023-08-12 16:49:33 +0000
2023-08-12T16:50:33.004Z,SCRIPT,STATUS,3200,49214,263,1691859033,0.957166776061058,/tmp/fsw/ironbank/run/krautsat_2.lua,0,0,1691859033.004111,2023/08/12 16:50:33.004,1691899121.3705597,2023/08/13 03:58:41.370,159,2023-08-12 16:50:33 +0000
2023-08-12T16:50:33.006Z,SCRIPT,STATUS,3200,49215,263,1691859033,1.594889909029007,/tmp/fsw/ironbank/run/krautsat_2.lua,1,1,1691859033.00685,2023/08/12 16:50:33.006,1691899121.371598,2023/08/13 03:58:41.371,160,2023-08-12 16:50:33 +0000
2023-08-12T16:51:33.003Z,SCRIPT,STATUS,3200,49216,263,1691859093,0.9045470505952835,/tmp/fsw/ironbank/run/krautsat_0.lua,0,0,1691859093.003885,2023/08/12 16:51:33.003,1691899121.372722,2023/08/13 03:58:41.372,161,2023-08-12 16:51:33 +0000
2023-08-12T16:51:33.006Z,SCRIPT,STATUS,3200,49217,263,1691859093,1.5846453607082367,/tmp/fsw/ironbank/run/krautsat_0.lua,1,1,1691859093.0068061,2023/08/12 16:51:33.006,1691899121.3736112,2023/08/13 03:58:41.373,162,2023-08-12 16:51:33 +0000
2023-08-12T20:36:44.006Z,SCRIPT,STATUS,3200,49218,263,1691872604,1.5934929251670837,/tmp/fsw/ironbank/run/jmp_0.lua,0,0,1691872604.0068438,2023/08/12 20:36:44.006,1691899096.5936499,2023/08/13 03:58:16.593,115,2023-08-12 20:36:44 +0000
2023-08-12T20:36:44.009Z,SCRIPT,STATUS,3200,49219,263,1691872604,2.3101456463336945,/tmp/fsw/ironbank/run/jmp_0.lua,1,1,1691872604.009922,2023/08/12 20:36:44.009,1691899096.594875,2023/08/13 03:58:16.594,116,2023-08-12 20:36:44 +0000
2023-08-12T20:37:15.006Z,SCRIPT,STATUS,3200,49220,263,1691872635,1.5399418771266937,/tmp/fsw/ironbank/run/jmp_1.lua,0,0,1691872635.006614,2023/08/12 20:37:15.006,1691899096.595915,2023/08/13 03:58:16.595,117,2023-08-12 20:37:15 +0000
2023-08-12T20:37:15.009Z,SCRIPT,STATUS,3200,49221,263,1691872635,2.2188760340213776,/tmp/fsw/ironbank/run/jmp_1.lua,1,1,1691872635.00953,2023/08/12 20:37:15.009,1691899096.5971105,2023/08/13 03:58:16.597,118,2023-08-12 20:37:15 +0000
2023-08-12T20:37:30.006Z,SCRIPT,STATUS,3200,49222,263,1691872650,1.519685611128807,/tmp/fsw/ironbank/run/jmp_2.lua,0,0,1691872650.006527,2023/08/12 20:37:30.006,1691899096.598009,2023/08/13 03:58:16.598,119,2023-08-12 20:37:30 +0000
2023-08-12T20:37:30.009Z,SCRIPT,STATUS,3200,49223,263,1691872650,2.1636951714754105,/tmp/fsw/ironbank/run/jmp_2.lua,1,1,1691872650.009293,2023/08/12 20:37:30.009,1691899096.5990348,2023/08/13 03:58:16.599,120,2023-08-12 20:37:30 +0000
2023-08-12T21:48:00.007Z,SCRIPT,STATUS,3200,49224,263,1691876880,1.6686972230672836,/tmp/fsw/ironbank/run/krautsat_1.lua,0,0,1691876880.0071669,2023/08/12 21:48:00.007,1691899131.407666,2023/08/13 03:58:51.407,179,2023-08-12 21:48:00 +0000
2023-08-12T21:48:00.010Z,SCRIPT,STATUS,3200,49225,263,1691876880,2.382323145866394,/tmp/fsw/ironbank/run/krautsat_1.lua,1,1,1691876880.010232,2023/08/12 21:48:00.010,1691899131.408871,2023/08/13 03:58:51.408,180,2023-08-12 21:48:00 +0000
2023-08-12T21:48:20.006Z,SCRIPT,STATUS,3200,49226,263,1691876900,1.6246922314167023,/tmp/fsw/ironbank/run/krautsat_1.lua,0,0,1691876900.006978,2023/08/12 21:48:20.006,1691899131.4101694,2023/08/13 03:58:51.410,181,2023-08-12 21:48:20 +0000
2023-08-12T21:48:20.009Z,SCRIPT,STATUS,3200,49227,263,1691876900,2.27917917072773,/tmp/fsw/ironbank/run/krautsat_1.lua,1,1,1691876900.009789,2023/08/12 21:48:20.009,1691899131.4113214,2023/08/13 03:58:51.411,182,2023-08-12 21:48:20 +0000
2023-08-12T21:49:00.007Z,SCRIPT,STATUS,3200,49228,263,1691876940,1.6312114894390106,/tmp/fsw/ironbank/run/krautsat_2.lua,0,0,1691876940.007006,2023/08/12 21:49:00.007,1691899131.4124687,2023/08/13 03:58:51.412,183,2023-08-12 21:49:00 +0000
2023-08-12T21:49:00.009Z,SCRIPT,STATUS,3200,49229,263,1691876940,2.316199243068695,/tmp/fsw/ironbank/run/krautsat_2.lua,1,1,1691876940.009948,2023/08/12 21:49:00.009,1691899131.4135652,2023/08/13 03:58:51.413,184,2023-08-12 21:49:00 +0000
2023-08-12T21:50:00.006Z,SCRIPT,STATUS,3200,49230,263,1691877000,1.5487894415855408,/tmp/fsw/ironbank/run/krautsat_2.lua,0,0,1691877000.0066519,2023/08/12 21:50:00.006,1691899131.416562,2023/08/13 03:58:51.416,185,2023-08-12 21:50:00 +0000
2023-08-12T21:50:00.009Z,SCRIPT,STATUS,3200,49231,263,1691877000,2.259155735373497,/tmp/fsw/ironbank/run/krautsat_2.lua,1,1,1691877000.009703,2023/08/12 21:50:00.009,1691899131.4181614,2023/08/13 03:58:51.418,186,2023-08-12 21:50:00 +0000
2023-08-12T21:52:00.006Z,SCRIPT,STATUS,3200,49232,263,1691877120,1.5511177480220795,/tmp/fsw/ironbank/run/krautsat_2.lua,0,0,1691877120.006662,2023/08/12 21:52:00.006,1691899131.4195948,2023/08/13 03:58:51.419,187,2023-08-12 21:52:00 +0000
2023-08-12T21:52:00.009Z,SCRIPT,STATUS,3200,49233,263,1691877120,2.295011654496193,/tmp/fsw/ironbank/run/krautsat_2.lua,1,1,1691877120.009857,2023/08/12 21:52:00.009,1691899131.420619,2023/08/13 03:58:51.420,188,2023-08-12 21:52:00 +0000
2023-08-12T21:53:30.006Z,SCRIPT,STATUS,3200,49234,263,1691877210,1.5969853848218918,/tmp/fsw/ironbank/run/krautsat_0.lua,0,0,1691877210.006859,2023/08/12 21:53:30.006,1691899131.4219072,2023/08/13 03:58:51.421,189,2023-08-12 21:53:30 +0000
2023-08-12T21:53:30.009Z,SCRIPT,STATUS,3200,49235,263,1691877210,2.29664146900177,/tmp/fsw/ironbank/run/krautsat_0.lua,1,1,1691877210.0098639,2023/08/12 21:53:30.009,1691899131.4233134,2023/08/13 03:58:51.423,190,2023-08-12 21:53:30 +0000
2023-08-12T22:10:30.006Z,SCRIPT,STATUS,3200,49236,263,1691878230,1.5927944332361221,/tmp/fsw/ironbank/run/krautsat_0.lua,0,0,1691878230.0068412,2023/08/12 22:10:30.006,1691899131.4270594,2023/08/13 03:58:51.427,191,2023-08-12 22:10:30 +0000
2023-08-12T22:10:30.009Z,SCRIPT,STATUS,3200,49237,263,1691878230,2.2882595658302307,/tmp/fsw/ironbank/run/krautsat_0.lua,1,1,1691878230.009828,2023/08/12 22:10:30.009,1691899131.4290843,2023/08/13 03:58:51.429,192,2023-08-12 22:10:30 +0000
2023-08-12T22:12:00.007Z,SCRIPT,STATUS,3200,49238,263,1691878320,1.7094425857067108,/tmp/fsw/ironbank/run/krautsat_0.lua,0,0,1691878320.007342,2023/08/12 22:12:00.007,1691899131.4313164,2023/08/13 03:58:51.431,193,2023-08-12 22:12:00 +0000
2023-08-12T22:12:00.007Z,SCRIPT,STATUS,3200,49239,263,1691878320,1.7862766981124878,,0,4,1691878320.007672,2023/08/12 22:12:00.007,1691899131.4321122,2023/08/13 03:58:51.432,194,2023-08-12 22:12:00 +0000
2023-08-12T22:12:00.008Z,SCRIPT,STATUS,3200,49240,263,1691878320,1.9730068743228912,/tmp/fsw/ironbank/run/krautsat_0.lua,1,1,1691878320.008474,2023/08/12 22:12:00.008,1691899131.4333782,2023/08/13 03:58:51.433,195,2023-08-12 22:12:00 +0000
2023-08-12T22:14:00.006Z,SCRIPT,STATUS,3200,49241,263,1691878440,1.6009435057640076,/tmp/fsw/ironbank/run/krautsat_0.lua,0,0,1691878440.006876,2023/08/12 22:14:00.006,1691899131.434586,2023/08/13 03:58:51.434,196,2023-08-12 22:14:00 +0000
2023-08-12T22:14:00.009Z,SCRIPT,STATUS,3200,49242,263,1691878440,2.3012980818748474,/tmp/fsw/ironbank/run/krautsat_0.lua,1,1,1691878440.0098839,2023/08/12 22:14:00.009,1691899131.4371479,2023/08/13 03:58:51.437,197,2023-08-12 22:14:00 +0000
2023-08-12T22:23:05.006Z,SCRIPT,STATUS,3200,49243,263,1691878985,1.6004778444766998,/tmp/fsw/ironbank/run/mhackeroni_0.lua,0,0,1691878985.006874,2023/08/12 22:23:05.006,1691899020.3613641,2023/08/13 03:57:00.361,103,2023-08-12 22:23:05 +0000
2023-08-12T22:23:05.009Z,SCRIPT,STATUS,3200,49244,263,1691878985,2.2493768483400345,/tmp/fsw/ironbank/run/mhackeroni_0.lua,1,1,1691878985.009661,2023/08/12 22:23:05.009,1691899020.362505,2023/08/13 03:57:00.362,104,2023-08-12 22:23:05 +0000
2023-08-12T22:40:07.006Z,SCRIPT,STATUS,3200,49245,263,1691880007,1.4891847968101501,/tmp/fsw/ironbank/run/mhackeroni_1.lua,0,0,1691880007.0063958,2023/08/12 22:40:07.006,1691899020.3635988,2023/08/13 03:57:00.363,105,2023-08-12 22:40:07 +0000
2023-08-12T22:40:07.009Z,SCRIPT,STATUS,3200,49246,263,1691880007,2.178829163312912,/tmp/fsw/ironbank/run/mhackeroni_1.lua,1,1,1691880007.0093582,2023/08/12 22:40:07.009,1691899020.3651915,2023/08/13 03:57:00.365,106,2023-08-12 22:40:07 +0000
2023-08-12T23:12:22.006Z,SCRIPT,STATUS,3200,49247,263,1691881942,1.4847610145807266,/tmp/fsw/ironbank/run/poland_0.lua,0,0,1691881942.006377,2023/08/12 23:12:22.006,1691899116.31525,2023/08/13 03:58:36.315,141,2023-08-12 23:12:22 +0000
2023-08-12T23:12:22.009Z,SCRIPT,STATUS,3200,49248,263,1691881942,2.112705260515213,/tmp/fsw/ironbank/run/poland_0.lua,1,1,1691881942.009074,2023/08/12 23:12:22.009,1691899116.3166811,2023/08/13 03:58:36.316,142,2023-08-12 23:12:22 +0000
2023-08-12T23:13:22.006Z,SCRIPT,STATUS,3200,49249,263,1691882002,1.4831312000751495,/tmp/fsw/ironbank/run/poland_1.lua,0,0,1691882002.00637,2023/08/12 23:13:22.006,1691899116.317923,2023/08/13 03:58:36.317,143,2023-08-12 23:13:22 +0000
2023-08-12T23:13:22.009Z,SCRIPT,STATUS,3200,49250,263,1691882002,2.1387822926044464,/tmp/fsw/ironbank/run/poland_1.lua,1,1,1691882002.009186,2023/08/12 23:13:22.009,1691899116.319198,2023/08/13 03:58:36.319,144,2023-08-12 23:13:22 +0000
2023-08-12T23:15:22.006Z,SCRIPT,STATUS,3200,49251,263,1691882122,1.487787812948227,/tmp/fsw/ironbank/run/poland_0.lua,0,0,1691882122.00639,2023/08/12 23:15:22.006,1691899116.3205225,2023/08/13 03:58:36.320,145,2023-08-12 23:15:22 +0000
2023-08-12T23:15:22.009Z,SCRIPT,STATUS,3200,49252,263,1691882122,2.1525193005800247,/tmp/fsw/ironbank/run/poland_0.lua,1,1,1691882122.009245,2023/08/12 23:15:22.009,1691899116.321516,2023/08/13 03:58:36.321,146,2023-08-12 23:15:22 +0000
2023-08-12T23:20:22.006Z,SCRIPT,STATUS,3200,49253,263,1691882422,1.5350524336099625,/tmp/fsw/ironbank/run/poland_1.lua,0,0,1691882422.006593,2023/08/12 23:20:22.006,1691899116.32254,2023/08/13 03:58:36.322,147,2023-08-12 23:20:22 +0000
2023-08-12T23:20:22.009Z,SCRIPT,STATUS,3200,49254,263,1691882422,2.1904706954956055,/tmp/fsw/ironbank/run/poland_1.lua,1,1,1691882422.009408,2023/08/12 23:20:22.009,1691899116.323553,2023/08/13 03:58:36.323,148,2023-08-12 23:20:22 +0000
2023-08-13T00:12:45.006Z,SCRIPT,STATUS,3200,49255,263,1691885565,1.5476252883672714,/tmp/fsw/ironbank/run/spacebitsrus_0.lua,0,0,1691885565.006647,2023/08/13 00:12:45.006,1691899101.6411,2023/08/13 03:58:21.641,121,2023-08-13 00:12:45 +0000
2023-08-13T00:12:45.009Z,SCRIPT,STATUS,3200,49256,263,1691885565,2.232147380709648,/tmp/fsw/ironbank/run/spacebitsrus_0.lua,1,1,1691885565.009587,2023/08/13 00:12:45.009,1691899101.6428323,2023/08/13 03:58:21.642,122,2023-08-13 00:12:45 +0000
2023-08-13T00:41:22.006Z,SCRIPT,STATUS,3200,49257,263,1691887282,1.4924444258213043,/tmp/fsw/ironbank/run/spacebitsrus_1.lua,0,0,1691887282.00641,2023/08/13 00:41:22.006,1691899101.6444876,2023/08/13 03:58:21.644,123,2023-08-13 00:41:22 +0000
2023-08-13T00:41:22.009Z,SCRIPT,STATUS,3200,49258,263,1691887282,2.1543819457292557,/tmp/fsw/ironbank/run/spacebitsrus_1.lua,1,1,1691887282.009253,2023/08/13 00:41:22.009,1691899101.645592,2023/08/13 03:58:21.645,124,2023-08-13 00:41:22 +0000
2023-08-13T00:43:22.006Z,SCRIPT,STATUS,3200,49259,263,1691887402,1.5026889741420746,/tmp/fsw/ironbank/run/spacebitsrus_2.lua,0,0,1691887402.006454,2023/08/13 00:43:22.006,1691899101.6465983,2023/08/13 03:58:21.646,125,2023-08-13 00:43:22 +0000
2023-08-13T00:43:22.009Z,SCRIPT,STATUS,3200,49260,263,1691887402,2.1902378648519516,/tmp/fsw/ironbank/run/spacebitsrus_2.lua,1,1,1691887402.009407,2023/08/13 00:43:22.009,1691899101.6476526,2023/08/13 03:58:21.647,126,2023-08-13 00:43:22 +0000
2023-08-13T02:48:24.030Z,SCRIPT,STATUS,3200,49153,263,1691894904,7.023336365818977,/tmp/fsw/ironbank/run/jmp_0.lua,0,0,1691894904.030165,2023/08/13 02:48:24.030,1691899106.6895683,2023/08/13 03:58:26.689,127,2023-08-13 02:48:24 +0000
2023-08-13T02:48:24.032Z,SCRIPT,STATUS,3200,49154,263,1691894904,7.628928869962692,/tmp/fsw/ironbank/run/jmp_0.lua,1,1,1691894904.0327659,2023/08/13 02:48:24.032,1691899106.6909113,2023/08/13 03:58:26.690,128,2023-08-13 02:48:24 +0000
2023-08-13T02:49:57.029Z,SCRIPT,STATUS,3200,49155,263,1691894997,6.803078576922417,/tmp/fsw/ironbank/run/jmp_1.lua,0,0,1691894997.0292192,2023/08/13 02:49:57.029,1691899106.6920059,2023/08/13 03:58:26.692,129,2023-08-13 02:49:57 +0000
2023-08-13T02:49:57.031Z,SCRIPT,STATUS,3200,49156,263,1691894997,7.434515282511711,/tmp/fsw/ironbank/run/jmp_1.lua,1,1,1691894997.031931,2023/08/13 02:49:57.031,1691899106.6930146,2023/08/13 03:58:26.693,130,2023-08-13 02:49:57 +0000
2023-08-13T02:50:51.029Z,SCRIPT,STATUS,3200,49157,263,1691895051,6.810296326875687,/tmp/fsw/ironbank/run/jmp_2.lua,0,0,1691895051.0292501,2023/08/13 02:50:51.029,1691899106.6940372,2023/08/13 03:58:26.694,131,2023-08-13 02:50:51 +0000
2023-08-13T02:50:51.032Z,SCRIPT,STATUS,3200,49158,263,1691895051,7.4570998549461365,/tmp/fsw/ironbank/run/jmp_2.lua,1,1,1691895051.032028,2023/08/13 02:50:51.032,1691899106.6950784,2023/08/13 03:58:26.695,132,2023-08-13 02:50:51 +0000
2023-08-13T03:01:00.029Z,SCRIPT,STATUS,3200,49159,263,1691895660,6.848247721791267,/tmp/fsw/ironbank/run/poland_0.lua,0,0,1691895660.0294132,2023/08/13 03:01:00.029,1691899029.9617114,2023/08/13 03:57:09.961,111,2023-08-13 03:01:00 +0000
2023-08-13T03:01:00.032Z,SCRIPT,STATUS,3200,49160,263,1691895660,7.509952411055565,/tmp/fsw/ironbank/run/poland_0.lua,1,1,1691895660.032255,2023/08/13 03:01:00.032,1691899029.965725,2023/08/13 03:57:09.965,112,2023-08-13 03:01:00 +0000
2023-08-13T03:05:00.029Z,SCRIPT,STATUS,3200,49161,263,1691895900,6.810296326875687,/tmp/fsw/ironbank/run/poland_1.lua,0,0,1691895900.0292501,2023/08/13 03:05:00.029,1691899029.9682517,2023/08/13 03:57:09.968,113,2023-08-13 03:05:00 +0000
2023-08-13T03:05:00.032Z,SCRIPT,STATUS,3200,49162,263,1691895900,7.520662620663643,/tmp/fsw/ironbank/run/poland_1.lua,1,1,1691895900.032301,2023/08/13 03:05:00.032,1691899029.969551,2023/08/13 03:57:09.969,114,2023-08-13 03:05:00 +0000
2023-08-13T03:12:19.029Z,SCRIPT,STATUS,3200,49163,263,1691896339,6.814254447817802,/tmp/fsw/ironbank/run/spacebitsrus_0.lua,0,0,1691896339.0292668,2023/08/13 03:12:19.029,1691899015.3107812,2023/08/13 03:56:55.310,99,2023-08-13 03:12:19 +0000
2023-08-13T03:12:19.031Z,SCRIPT,STATUS,3200,49164,263,1691896339,7.431022822856903,/tmp/fsw/ironbank/run/spacebitsrus_0.lua,1,1,1691896339.0319161,2023/08/13 03:12:19.031,1691899015.3118994,2023/08/13 03:56:55.311,100,2023-08-13 03:12:19 +0000
2023-08-13T03:18:09.029Z,SCRIPT,STATUS,3200,49165,263,1691896689,6.846152245998383,/tmp/fsw/ironbank/run/spacebitsrus_1.lua,0,0,1691896689.029404,2023/08/13 03:18:09.029,1691899015.3130352,2023/08/13 03:56:55.313,101,2023-08-13 03:18:09 +0000
2023-08-13T03:18:09.032Z,SCRIPT,STATUS,3200,49166,263,1691896689,7.510185241699219,/tmp/fsw/ironbank/run/spacebitsrus_1.lua,1,1,1691896689.032256,2023/08/13 03:18:09.032,1691899015.3140962,2023/08/13 03:56:55.314,102,2023-08-13 03:18:09 +0000
2023-08-13T03:24:34.029Z,SCRIPT,STATUS,3200,49167,263,1691897074,6.840797141194344,/tmp/fsw/ironbank/run/krautsat_1.lua,0,0,1691897074.029381,2023/08/13 03:24:34.029,1691899126.4299645,2023/08/13 03:58:46.429,163,2023-08-13 03:24:34 +0000
2023-08-13T03:24:34.032Z,SCRIPT,STATUS,3200,49168,263,1691897074,7.471535354852676,/tmp/fsw/ironbank/run/krautsat_1.lua,1,1,1691897074.0320902,2023/08/13 03:24:34.032,1691899126.4310393,2023/08/13 03:58:46.431,164,2023-08-13 03:24:34 +0000
2023-08-13T03:24:59.029Z,SCRIPT,STATUS,3200,49169,263,1691897099,6.865477189421654,/tmp/fsw/ironbank/run/krautsat_2.lua,0,0,1691897099.0294871,2023/08/13 03:24:59.029,1691899126.4349012,2023/08/13 03:58:46.434,165,2023-08-13 03:24:59 +0000
2023-08-13T03:24:59.032Z,SCRIPT,STATUS,3200,49170,263,1691897099,7.553957402706146,/tmp/fsw/ironbank/run/krautsat_2.lua,1,1,1691897099.032444,2023/08/13 03:24:59.032,1691899126.43635,2023/08/13 03:58:46.436,166,2023-08-13 03:24:59 +0000
2023-08-13T03:25:49.029Z,SCRIPT,STATUS,3200,49171,263,1691897149,6.797024980187416,/tmp/fsw/ironbank/run/krautsat_1.lua,0,0,1691897149.029193,2023/08/13 03:25:49.029,1691899126.4381351,2023/08/13 03:58:46.438,167,2023-08-13 03:25:49 +0000
2023-08-13T03:25:49.031Z,SCRIPT,STATUS,3200,49172,263,1691897149,7.449649274349213,/tmp/fsw/ironbank/run/krautsat_1.lua,1,1,1691897149.031996,2023/08/13 03:25:49.031,1691899126.439194,2023/08/13 03:58:46.439,168,2023-08-13 03:25:49 +0000
2023-08-13T03:25:59.029Z,SCRIPT,STATUS,3200,49173,263,1691897159,6.801215931773186,/tmp/fsw/ironbank/run/krautsat_2.lua,0,0,1691897159.0292108,2023/08/13 03:25:59.029,1691899126.440223,2023/08/13 03:58:46.440,169,2023-08-13 03:25:59 +0000
2023-08-13T03:25:59.032Z,SCRIPT,STATUS,3200,49174,263,1691897159,7.470836862921715,/tmp/fsw/ironbank/run/krautsat_2.lua,1,1,1691897159.032087,2023/08/13 03:25:59.032,1691899126.4412987,2023/08/13 03:58:46.441,170,2023-08-13 03:25:59 +0000
2023-08-13T03:26:49.029Z,SCRIPT,STATUS,3200,49175,263,1691897209,6.77863135933876,/tmp/fsw/ironbank/run/krautsat_1.lua,0,0,1691897209.029114,2023/08/13 03:26:49.029,1691899126.4423025,2023/08/13 03:58:46.442,171,2023-08-13 03:26:49 +0000
2023-08-13T03:26:49.032Z,SCRIPT,STATUS,3200,49176,263,1691897209,7.456401363015175,/tmp/fsw/ironbank/run/krautsat_1.lua,1,1,1691897209.032025,2023/08/13 03:26:49.032,1691899126.4433854,2023/08/13 03:58:46.443,172,2023-08-13 03:26:49 +0000
2023-08-13T03:26:59.029Z,SCRIPT,STATUS,3200,49177,263,1691897219,6.82612881064415,/tmp/fsw/ironbank/run/krautsat_2.lua,0,0,1691897219.0293179,2023/08/13 03:26:59.029,1691899126.4453943,2023/08/13 03:58:46.445,173,2023-08-13 03:26:59 +0000
2023-08-13T03:26:59.032Z,SCRIPT,STATUS,3200,49178,263,1691897219,7.5178686529397964,/tmp/fsw/ironbank/run/krautsat_2.lua,1,1,1691897219.032289,2023/08/13 03:26:59.032,1691899126.446819,2023/08/13 03:58:46.446,174,2023-08-13 03:26:59 +0000
2023-08-13T03:27:59.029Z,SCRIPT,STATUS,3200,49179,263,1691897279,6.803544238209724,/tmp/fsw/ironbank/run/krautsat_2.lua,0,0,1691897279.029221,2023/08/13 03:27:59.029,1691899126.4480772,2023/08/13 03:58:46.448,175,2023-08-13 03:27:59 +0000
2023-08-13T03:27:59.031Z,SCRIPT,STATUS,3200,49180,263,1691897279,7.4177514761686325,/tmp/fsw/ironbank/run/krautsat_2.lua,1,1,1691897279.031859,2023/08/13 03:27:59.031,1691899126.449677,2023/08/13 03:58:46.449,176,2023-08-13 03:27:59 +0000
2023-08-13T03:29:19.029Z,SCRIPT,STATUS,3200,49181,263,1691897359,6.838236004114151,/tmp/fsw/ironbank/run/krautsat_0.lua,0,0,1691897359.02937,2023/08/13 03:29:19.029,1691899126.4504538,2023/08/13 03:58:46.450,177,2023-08-13 03:29:19 +0000
2023-08-13T03:29:19.032Z,SCRIPT,STATUS,3200,49182,263,1691897359,7.511582225561142,/tmp/fsw/ironbank/run/krautsat_0.lua,1,1,1691897359.0322618,2023/08/13 03:29:19.032,1691899126.451646,2023/08/13 03:58:46.451,178,2023-08-13 03:29:19 +0000
2023-08-13T03:38:35.029Z,SCRIPT,STATUS,3200,49183,263,1691897915,6.949063390493393,/tmp/fsw/ironbank/run/mhackeroni_0.lua,0,0,1691897915.029846,2023/08/13 03:38:35.029,1691899010.4529126,2023/08/13 03:56:50.452,96,2023-08-13 03:38:35 +0000
2023-08-13T03:38:35.030Z,SCRIPT,STATUS,3200,49184,263,1691897915,6.988411769270897,,0,4,1691897915.030015,2023/08/13 03:38:35.030,1691899010.4540982,2023/08/13 03:56:50.454,97,2023-08-13 03:38:35 +0000
2023-08-13T03:38:35.030Z,SCRIPT,STATUS,3200,49185,263,1691897915,7.162569090723991,/tmp/fsw/ironbank/run/mhackeroni_0.lua,1,1,1691897915.030763,2023/08/13 03:38:35.030,1691899010.4563541,2023/08/13 03:56:50.456,98,2023-08-13 03:38:35 +0000